er,2016/3/25 21:06,1000,10.93,100,47,4888876,21.08,48888.76,,,,10.93
er,2016/3/25 21:06,1000,10.93,100,47,5216923,21.36,52169.23,,,,16
er,2016/3/25 21:06,1000,10.93,100,43,4896439,21.25,48964.39,,,,23.712
er,2016/3/25 21:06,1000,10.93,100,41,4397070,19.92,43970.7,,,,
er,2016/3/25 21:06,1000,10.93,100,44,4745086,21.47,47450.86,,,,
er,2016/3/25 21:06,1000,10.93,100,48,5204201,21.64,52042.01,,,,
er,2016/3/25 21:06,1000,10.93,100,46,4758109,20.55,47581.09,,,,
er,2016/3/25 21:06,1000,10.93,100,45,4704402,20.46,47044.02,,,,
er,2016/3/25 21:06,1000,10.93,100,44,4648908,20.62,46489.08,,,,
er,2016/3/25 21:06,1000,10.93,100,47,5108267,21.93,51082.67,,,,
ws,2016/3/25 21:06,1000,16,100,42,4356479,19.5,43564.79,,,,
ws,2016/3/25 21:06,1000,16,100,44,4356363,20.03,43563.63,,,,
ws,2016/3/25 21:06,1000,16,100,50,5208187,21.94,52081.87,,,,
ws,2016/3/25 21:06,1000,16,100,42,3896608,18.56,38966.08,,,,
ws,2016/3/25 21:06,1000,16,100,41,4211894,19.75,42118.94,,,,
ws,2016/3/25 21:06,1000,16,100,45,4482098,20.02,44820.98,,,,
ws,2016/3/25 21:06,1000,16,100,43,4148728,18.71,41487.28,,,,
ws,2016/3/25 21:06,1000,16,100,44,4460576,19.94,44605.76,,,,
ws,2016/3/25 21:06,1000,16,100,43,4214574,19.14,42145.74,,,,
ws,2016/3/25 21:06,1000,16,100,43,4465525,20.2,44655.25,,,,
ba,2016/3/25 21:06,1000,23.712,100,57,7317125,28.49,73171.25,,,,
ba,2016/3/25 21:06,1000,23.712,100,49,5749757,25.04,57497.57,,,,
ba,2016/3/25 21:06,1000,23.712,100,52,6129117,25.75,61291.17,,,,
ba,2016/3/25 21:06,1000,23.712,100,49,5612720,24.47,56127.2,,,,
ba,2016/3/25 21:06,1000,23.712,100,50,6192385,25.88,61923.85,,,,
ba,2016/3/25 21:06,1000,23.712,100,55,6565966,27.21,65659.66,,,,
ba,2016/3/25 21:06,1000,23.712,100,53,6567189,26.45,65671.89,,,,
ba,2016/3/25 21:06,1000,23.712,100,51,6062627,26.12,60626.27,,,,
ba,2016/3/25 21:06,1000,23.712,100,56,6795128,27.87,67951.28,,,,
ba,2016/3/25 21:06,1000,23.712,100,52,6033205,26.21,60332.05,,,,
regular,2016/3/25 21:06,1000,26,100,51,5307205,22.12,53072.05,,,,
regular,2016/3/25 21:06,1000,26,100,49,4952365,21.52,49523.65,,,,
regular,2016/3/25 21:06,1000,26,100,46,4859147,21.23,48591.47,,,,
regular,2016/3/25 21:06,1000,26,100,48,4709195,21.52,47091.95,,,,
regular,2016/3/25 21:06,1000,26,100,47,4681798,21.13,46817.98,,,,
regular,2016/3/25 21:06,1000,26,100,48,5180961,22.06,51809.61,,,,
regular,2016/3/25 21:06,1000,26,100,51,5018634,21.41,50186.34,,,,
regular,2016/3/25 21:06,1000,26,100,49,4975385,21.81,49753.85,,,,
regular,2016/3/25 21:06,1000,26,100,46,4550623,20.69,45506.23,,,,
regular,2016/3/25 21:06,1000,26,100,46,4431478,20.3,44314.78,,,,
er,2016/3/25 21:50,1000,10.93,100,45,4587889,20.48,45878.89,,,10.93,
er,2016/3/25 21:50,1000,10.93,100,46,5475028,22.26,54750.28,,,15.84,
er,2016/3/25 21:50,1000,10.93,100,42,4421016,19.97,44210.16,,,20.966,
er,2016/3/25 21:50,1000,10.93,100,44,4877172,21.36,48771.72,,,26.018,
er,2016/3/25 21:51,1000,10.93,100,45,4824210,21.29,48242.1,,,31.162,
er,2016/3/25 21:51,1000,10.93,100,44,4889022,21.67,48890.22,,,36.054,
er,2016/3/25 21:51,1000,10.93,100,46,5084776,21.51,50847.76,,,41.016,
er,2016/3/25 21:51,1000,10.93,100,47,5327505,21.75,53275.05,,,46.062,
er,2016/3/25 21:51,1000,10.93,100,46,4534033,20.34,45340.33,,,51.3,
er,2016/3/25 21:51,1000,10.93,100,43,4605780,21.18,46057.8,,,56.046,
er,2016/3/25 21:51,1000,15.84,100,46,4966476,21.22,49664.76,,,60.784,
er,2016/3/25 21:51,1000,15.84,100,47,4712291,20.92,47122.91,,,65.99,
er,2016/3/25 21:51,1000,15.84,100,49,5457419,22.26,54574.19,,,71.028,
er,2016/3/25 21:51,1000,15.84,100,49,5066906,21.35,50669.06,,,36.054,
er,2016/3/25 21:51,1000,15.84,100,43,4191022,19.77,41910.22,,,26.018,
er,2016/3/25 21:51,1000,15.84,100,48,5011646,21.61,50116.46,,,31.162,
er,2016/3/25 21:51,1000,15.84,100,50,4899770,20.84,48997.7,,,36.054,
er,2016/3/25 21:51,1000,15.84,100,47,5042881,21.79,50428.81,,,,
er,2016/3/25 21:51,1000,15.84,100,46,4697492,20.21,46974.92,,,,
er,2016/3/25 21:51,1000,15.84,100,47,5389290,22.42,53892.9,,,,
er,2016/3/25 21:51,1000,20.966,100,51,5227075,21.62,52270.75,,,,
er,2016/3/25 21:51,1000,20.966,100,53,5299748,22.09,52997.48,,,,
er,2016/3/25 21:51,1000,20.966,100,50,5300424,21.83,53004.24,,,,
er,2016/3/25 21:51,1000,20.966,100,50,5537707,22.06,55377.07,,,,
er,2016/3/25 21:51,1000,20.966,100,44,4688316,20.87,46883.16,,,,
er,2016/3/25 21:51,1000,20.966,100,47,5127383,22,51273.83,,,,
er,2016/3/25 21:51,1000,20.966,100,50,5063989,21.78,50639.89,,,,
er,2016/3/25 21:51,1000,20.966,100,45,4562386,20.65,45623.86,,,,
er,2016/3/25 21:51,1000,20.966,100,51,5172868,21.93,51728.68,,,,
er,2016/3/25 21:51,1000,20.966,100,44,4108053,19.52,41080.53,,,,
er,2016/3/25 21:51,1000,26.018,100,47,5051874,21.82,50518.74,,,,
er,2016/3/25 21:51,1000,26.018,100,48,5148955,21.51,51489.55,,,,
er,2016/3/25 21:51,1000,26.018,100,49,4681021,20.45,46810.21,,,,
er,2016/3/25 21:51,1000,26.018,100,46,4572471,21.01,45724.71,,,,
er,2016/3/25 21:51,1000,26.018,100,49,4697779,20.71,46977.79,,,,
er,2016/3/25 21:51,1000,26.018,100,48,4967077,21.61,49670.77,,,,
er,2016/3/25 21:51,1000,26.018,100,52,5296400,21.95,52964,,,,
er,2016/3/25 21:51,1000,26.018,100,49,4699502,20.75,46995.02,,,,
er,2016/3/25 21:51,1000,26.018,100,50,4972366,21.68,49723.66,,,,
er,2016/3/25 21:51,1000,26.018,100,46,4286739,19.92,42867.39,,,,
er,2016/3/25 21:51,1000,31.162,100,50,5561669,23.28,55616.69,,,,
er,2016/3/25 21:51,1000,31.162,100,48,5378838,22.74,53788.38,,,,
er,2016/3/25 21:51,1000,31.162,100,51,5341296,22.4,53412.96,,,,
er,2016/3/25 21:51,1000,31.162,100,50,5348741,22.91,53487.41,,,,
er,2016/3/25 21:51,1000,31.162,100,50,5289371,22.21,52893.71,,,,
er,2016/3/25 21:51,1000,31.162,100,55,6231510,23.93,62315.1,,,,
er,2016/3/25 21:51,1000,31.162,100,50,5166307,21.99,51663.07,,,,
er,2016/3/25 21:51,1000,31.162,100,51,5287436,22.33,52874.36,,,,
er,2016/3/25 21:51,1000,31.162,100,51,5507414,23.25,55074.14,,,,
er,2016/3/25 21:51,1000,31.162,100,48,5374177,23.1,53741.77,,,,
er,2016/3/25 21:51,1000,36.054,100,49,5331675,21.27,53316.75,,,,
er,2016/3/25 21:51,1000,36.054,100,47,4609322,19.79,46093.22,,,,
er,2016/3/25 21:51,1000,36.054,100,49,5614026,22.43,56140.26,,,,
er,2016/3/25 21:51,1000,36.054,100,53,5219697,21.03,52196.97,,,,
er,2016/3/25 21:51,1000,36.054,100,43,4574827,19.48,45748.27,,,,
er,2016/3/25 21:51,1000,36.054,100,48,4713226,19.97,47132.26,,,,
er,2016/3/25 21:51,1000,36.054,100,45,4953050,20.28,49530.5,,,,
er,2016/3/25 21:51,1000,36.054,100,52,5669233,21.53,56692.33,,,,
er,2016/3/25 21:51,1000,36.054,100,48,4958188,20.03,49581.88,,,,
er,2016/3/25 21:51,1000,36.054,100,45,4471577,19.34,44715.77,,,,
er,2016/3/25 21:51,1000,41.016,100,51,5699313,21.38,56993.13,,,,
er,2016/3/25 21:51,1000,41.016,100,54,5941581,21.41,59415.81,,,,
er,2016/3/25 21:51,1000,41.016,100,49,5210706,19.77,52107.06,,,,
er,2016/3/25 21:51,1000,41.016,100,54,6153754,21.75,61537.54,,,,
er,2016/3/25 21:51,1000,41.016,100,54,5736019,21.41,57360.19,,,,
er,2016/3/25 21:51,1000,41.016,100,46,4652085,18.82,46520.85,,,,
er,2016/3/25 21:51,1000,41.016,100,55,6317690,22.04,63176.9,,,,
er,2016/3/25 21:51,1000,41.016,100,50,5079797,19.62,50797.97,,,,
er,2016/3/25 21:51,1000,41.016,100,49,5162944,19.91,51629.44,,,,
er,2016/3/25 21:51,1000,41.016,100,47,5417625,20.67,54176.25,,,,
er,2016/3/25 21:51,1000,46.062,100,51,6095413,21.58,60954.13,,,,
er,2016/3/25 21:51,1000,46.062,100,51,5572110,20.52,55721.1,,,,
er,2016/3/25 21:51,1000,46.062,100,53,5656444,21.65,56564.44,,,,
er,2016/3/25 21:52,1000,46.062,100,51,5489851,20.3,54898.51,,,,
er,2016/3/25 21:52,1000,46.062,100,52,5871054,21.25,58710.54,,,,
er,2016/3/25 21:52,1000,46.062,100,54,5851616,20.76,58516.16,,,,
er,2016/3/25 21:52,1000,46.062,100,48,5303665,19.51,53036.65,,,,
er,2016/3/25 21:52,1000,46.062,100,52,5508323,19.78,55083.23,,,,
er,2016/3/25 21:52,1000,46.062,100,49,5020700,19.21,50207,,,,
er,2016/3/25 21:52,1000,46.062,100,51,5492850,20.01,54928.5,,,,
er,2016/3/25 21:52,1000,51.3,100,47,5071647,19.17,50716.47,,,,
er,2016/3/25 21:52,1000,51.3,100,50,5312673,19.23,53126.73,,,,
er,2016/3/25 21:52,1000,51.3,100,52,5953300,21.32,59533,,,,
er,2016/3/25 21:52,1000,51.3,100,48,4858128,18.49,48581.28,,,,
er,2016/3/25 21:52,1000,51.3,100,56,6306060,21.28,63060.6,,,,
er,2016/3/25 21:52,1000,51.3,100,49,4835490,18.44,48354.9,,,,
er,2016/3/25 21:52,1000,51.3,100,45,4754458,18.48,47544.58,,,,
er,2016/3/25 21:52,1000,51.3,100,47,4964718,18.22,49647.18,,,,
er,2016/3/25 21:52,1000,51.3,100,55,6042156,21.18,60421.56,,,,
er,2016/3/25 21:52,1000,51.3,100,47,4811166,18.28,48111.66,,,,
er,2016/3/25 21:52,1000,56.046,100,45,4937403,17.73,49374.03,,,,
er,2016/3/25 21:52,1000,56.046,100,45,4303419,16.48,43034.19,,,,
er,2016/3/25 21:52,1000,56.046,100,50,5099189,18.22,50991.89,,,,
er,2016/3/25 21:52,1000,56.046,100,52,5318308,18.57,53183.08,,,,
er,2016/3/25 21:52,1000,56.046,100,49,5628870,20.31,56288.7,,,,
er,2016/3/25 21:52,1000,56.046,100,53,5824688,20.03,58246.88,,,,
er,2016/3/25 21:52,1000,56.046,100,54,6443981,23.06,64439.81,,,,
er,2016/3/25 21:52,1000,56.046,100,48,5070180,18.31,50701.8,,,,
er,2016/3/25 21:52,1000,56.046,100,49,5255014,18.64,52550.14,,,,
er,2016/3/25 21:52,1000,56.046,100,50,6018826,21.72,60188.26,,,,
er,2016/3/25 21:52,1000,60.784,100,53,6096712,20.9,60967.12,,,,
er,2016/3/25 21:52,1000,60.784,100,52,6066275,21.09,60662.75,,,,
er,2016/3/25 21:52,1000,60.784,100,48,5527218,19.91,55272.18,,,,
er,2016/3/25 21:52,1000,60.784,100,51,6127995,21.39,61279.95,,,,
er,2016/3/25 21:52,1000,60.784,100,50,4901147,17.92,49011.47,,,,
er,2016/3/25 21:52,1000,60.784,100,52,5269023,18.69,52690.23,,,,
er,2016/3/25 21:52,1000,60.784,100,48,5025177,18.33,50251.77,,,,
er,2016/3/25 21:52,1000,60.784,100,50,5051707,17.84,50517.07,,,,
er,2016/3/25 21:52,1000,60.784,100,48,5785665,20.23,57856.65,,,,
er,2016/3/25 21:52,1000,60.784,100,55,5917560,20.1,59175.6,,,,
er,2016/3/25 21:52,1000,65.99,100,57,6937522,23.73,69375.22,,,,
er,2016/3/25 21:52,1000,65.99,100,52,5066066,18.04,50660.66,,,,
er,2016/3/25 21:52,1000,65.99,100,51,6087630,20.24,60876.3,,,,
er,2016/3/25 21:52,1000,65.99,100,46,4411839,14.99,44118.39,,,,
er,2016/3/25 21:52,1000,65.99,100,54,6382488,21.54,63824.88,,,,
er,2016/3/25 21:52,1000,65.99,100,52,6000157,19.8,60001.57,,,,
er,2016/3/25 21:52,1000,65.99,100,53,5982912,19.89,59829.12,,,,
er,2016/3/25 21:52,1000,65.99,100,50,5597180,19.47,55971.8,,,,
er,2016/3/25 21:52,1000,65.99,100,46,4471120,16.15,44711.2,,,,
er,2016/3/25 21:52,1000,65.99,100,55,6441651,22.81,64416.51,,,,
er,2016/3/25 21:52,1000,71.028,100,51,5447500,18.71,54475,,,,
er,2016/3/25 21:52,1000,71.028,100,54,5892424,19.41,58924.24,,,,
er,2016/3/25 21:52,1000,71.028,100,55,6119091,19.85,61190.91,,,,
er,2016/3/25 21:52,1000,71.028,100,56,6582213,21.63,65822.13,,,,
er,2016/3/25 21:52,1000,71.028,100,53,6107933,19.59,61079.33,,,,
er,2016/3/25 21:52,1000,71.028,100,51,5513587,18.6,55135.87,,,,
er,2016/3/25 21:52,1000,71.028,100,48,5439005,18.45,54390.05,,,,
er,2016/3/25 21:52,1000,71.028,100,48,4708188,16.03,47081.88,,,,
er,2016/3/25 21:52,1000,71.028,100,50,5565823,18.28,55658.23,,,,
er,2016/3/25 21:52,1000,71.028,100,52,6233141,20.53,62331.41,,,,
er,2016/3/25 21:53,1000,76.052,100,47,5823779,19.81,58237.79,,,,
er,2016/3/25 21:53,1000,76.052,100,51,5599834,19.38,55998.34,,,,
er,2016/3/25 21:53,1000,76.052,100,53,5877315,19.84,58773.15,,,,
er,2016/3/25 21:53,1000,76.052,100,48,5304701,18.92,53047.01,,,,
er,2016/3/25 21:53,1000,76.052,100,55,6610092,22.2,66100.92,,,,
er,2016/3/25 21:53,1000,76.052,100,56,6563017,22.84,65630.17,,,,
er,2016/3/25 21:53,1000,76.052,100,51,5910262,20.7,59102.62,,,,
er,2016/3/25 21:53,1000,76.052,100,55,6656538,22.03,66565.38,,,,
er,2016/3/25 21:53,1000,76.052,100,49,5811094,20.55,58110.94,,,,
er,2016/3/25 21:53,1000,76.052,100,52,6160759,21.77,61607.59,,,,
er,2016/3/25 21:53,1000,81.078,100,51,5442628,18.45,54426.28,,,,
er,2016/3/25 21:53,1000,81.078,100,56,6879664,21.95,68796.64,,,,
er,2016/3/25 21:53,1000,81.078,100,54,5758824,18.98,57588.24,,,,
er,2016/3/25 21:53,1000,81.078,100,50,5606006,18.83,56060.06,,,,
er,2016/3/25 21:53,1000,81.078,100,54,5748517,19.11,57485.17,,,,
er,2016/3/25 21:53,1000,81.078,100,49,4954850,16.91,49548.5,,,,
er,2016/3/25 21:53,1000,81.078,100,50,5957251,19.62,59572.51,,,,
er,2016/3/25 21:53,1000,81.078,100,49,5018403,16.44,50184.03,,,,
er,2016/3/25 21:53,1000,81.078,100,50,5694096,19.04,56940.96,,,,
er,2016/3/25 21:53,1000,81.078,100,52,6107363,20.4,61073.63,,,,
er,2016/3/25 21:53,1000,86.088,100,43,4761948,16.31,47619.48,,,,
er,2016/3/25 21:53,1000,86.088,100,50,5985225,19.47,59852.25,,,,
er,2016/3/25 21:53,1000,86.088,100,50,5572703,19.2,55727.03,,,,
er,2016/3/25 21:53,1000,86.088,100,51,5660302,18.2,56603.02,,,,
er,2016/3/25 21:53,1000,86.088,100,51,5989327,20.65,59893.27,,,,
er,2016/3/25 21:53,1000,86.088,100,50,5878374,19.11,58783.74,,,,
er,2016/3/25 21:53,1000,86.088,100,57,6949803,21.42,69498.03,,,,
er,2016/3/25 21:53,1000,86.088,100,53,6081516,19.45,60815.16,,,,
er,2016/3/25 21:53,1000,86.088,100,49,5418657,18.39,54186.57,,,,
er,2016/3/25 21:53,1000,86.088,100,48,5669880,18.17,56698.8,,,,
er,2016/3/25 21:53,1000,91.078,100,49,4982346,16.49,49823.46,,,,
er,2016/3/25 21:53,1000,91.078,100,51,5684229,18.85,56842.29,,,,
er,2016/3/25 21:53,1000,91.078,100,51,5708771,18.36,57087.71,,,,
er,2016/3/25 21:53,1000,91.078,100,50,5929389,20.51,59293.89,,,,
er,2016/3/25 21:53,1000,91.078,100,51,4781603,15.74,47816.03,,,,
er,2016/3/25 21:53,1000,91.078,100,53,5690964,18.26,56909.64,,,,
er,2016/3/25 21:53,1000,91.078,100,53,6322220,20.77,63222.2,,,,
er,2016/3/25 21:53,1000,91.078,100,52,6234348,19.96,62343.48,,,,
er,2016/3/25 21:53,1000,91.078,100,51,5838146,19.45,58381.46,,,,
er,2016/3/25 21:53,1000,91.078,100,50,5512771,19.15,55127.71,,,,
er,2016/3/25 21:53,1000,95.902,100,54,5767315,18.34,57673.15,,,,
er,2016/3/25 21:53,1000,95.902,100,55,6094406,19.28,60944.06,,,,
er,2016/3/25 21:53,1000,95.902,100,52,6090415,20.71,60904.15,,,,
er,2016/3/25 21:53,1000,95.902,100,49,5254624,17.63,52546.24,,,,
er,2016/3/25 21:53,1000,95.902,100,54,6153626,20.24,61536.26,,,,
er,2016/3/25 21:53,1000,95.902,100,49,5570918,20.3,55709.18,,,,
er,2016/3/25 21:53,1000,95.902,100,48,5584989,19.01,55849.89,,,,
er,2016/3/25 21:53,1000,95.902,100,51,6133712,20.19,61337.12,,,,
er,2016/3/25 21:53,1000,95.902,100,53,6150474,21.53,61504.74,,,,
er,2016/3/25 21:53,1000,95.902,100,56,6492460,20.43,64924.6,,,,
er,2016/3/25 21:53,1000,100.78,100,48,5476637,19.37,54766.37,,,,
er,2016/3/25 21:53,1000,100.78,100,49,5632044,18.07,56320.44,,,,
er,2016/3/25 21:54,1000,100.78,100,55,6180579,20.22,61805.79,,,,
er,2016/3/25 21:54,1000,100.78,100,47,5542897,20.31,55428.97,,,,
er,2016/3/25 21:54,1000,100.78,100,52,6396057,20.73,63960.57,,,,
er,2016/3/25 21:54,1000,100.78,100,48,5484591,18.82,54845.91,,,,
er,2016/3/25 21:54,1000,100.78,100,52,5900868,19.86,59008.68,,,,
er,2016/3/25 21:54,1000,100.78,100,54,5969470,22.37,59694.7,,,,
er,2016/3/25 21:54,1000,100.78,100,51,5810832,20.33,58108.32,,,,
er,2016/3/25 21:54,1000,100.78,100,52,6388164,21.85,63881.64,,,,
er,2016/3/25 21:54,1000,105.742,100,53,6055313,20.78,60553.13,,,,
er,2016/3/25 21:54,1000,105.742,100,49,5509293,19.15,55092.93,,,,
er,2016/3/25 21:54,1000,105.742,100,51,5595716,20.44,55957.16,,,,
er,2016/3/25 21:54,1000,105.742,100,50,5644270,19.57,56442.7,,,,
er,2016/3/25 21:54,1000,105.742,100,50,5624095,20.42,56240.95,,,,
er,2016/3/25 21:54,1000,105.742,100,52,6027193,20.62,60271.93,,,,
er,2016/3/25 21:54,1000,105.742,100,56,6804013,23.39,68040.13,,,,
er,2016/3/25 21:54,1000,105.742,100,53,5923399,21.25,59233.99,,,,
er,2016/3/25 21:54,1000,105.742,100,53,6385876,21.14,63858.76,,,,
er,2016/3/25 21:54,1000,105.742,100,55,6426348,22.08,64263.48,,,,
ws,2016/3/25 21:54,1000,110,100,53,6210897,20.82,62108.97,,,,
ws,2016/3/25 21:54,1000,110,100,48,5662706,19.57,56627.06,,,,
ws,2016/3/25 21:54,1000,110,100,55,6754993,21.98,67549.93,,,,
ws,2016/3/25 21:54,1000,110,100,47,5778227,19.15,57782.27,,,,
ws,2016/3/25 21:54,1000,110,100,46,5354616,18.43,53546.16,,,,
ws,2016/3/25 21:54,1000,110,100,47,5349017,18.8,53490.17,,,,
ws,2016/3/25 21:54,1000,110,100,51,5813369,20.26,58133.69,,,,
ws,2016/3/25 21:54,1000,110,100,50,5677844,19.2,56778.44,,,,
ws,2016/3/25 21:54,1000,110,100,46,5106550,17.43,51065.5,,,,
ws,2016/3/25 21:54,1000,110,100,51,5952707,20.91,59527.07,,,,
ws,2016/3/25 21:54,1000,116,100,47,4927436,16.04,49274.36,,,,
ws,2016/3/25 21:54,1000,116,100,46,5256612,17.53,52566.12,,,,
ws,2016/3/25 21:54,1000,116,100,46,5393850,17.71,53938.5,,,,
ws,2016/3/25 21:54,1000,116,100,48,4945486,15.82,49454.86,,,,
ws,2016/3/25 21:54,1000,116,100,48,5596422,18.32,55964.22,,,,
ws,2016/3/25 21:54,1000,116,100,41,4560215,15.57,45602.15,,,,
ws,2016/3/25 21:54,1000,116,100,47,5508731,17.96,55087.31,,,,
ws,2016/3/25 21:54,1000,116,100,50,5742362,19.01,57423.62,,,,
ws,2016/3/25 21:54,1000,116,100,47,4952642,16.1,49526.42,,,,
ws,2016/3/25 21:54,1000,116,100,46,5150272,17.02,51502.72,,,,
ws,2016/3/25 21:54,1000,120,100,48,5177768,17.51,51777.68,,,,
ws,2016/3/25 21:54,1000,120,100,48,5349156,17.12,53491.56,,,,
ws,2016/3/25 21:54,1000,120,100,45,5197337,17.9,51973.37,,,,
ws,2016/3/25 21:54,1000,120,100,46,5260197,17.74,52601.97,,,,
ws,2016/3/25 21:54,1000,120,100,47,5485359,17.98,54853.59,,,,
ws,2016/3/25 21:54,1000,120,100,51,5654404,18.42,56544.04,,,,
ws,2016/3/25 21:54,1000,120,100,46,5031706,17.15,50317.06,,,,
ws,2016/3/25 21:54,1000,120,100,45,5224117,17.43,52241.17,,,,
ws,2016/3/25 21:54,1000,120,100,48,5726833,18.38,57268.33,,,,
ws,2016/3/25 21:54,1000,120,100,50,5245286,17.16,52452.86,,,,
ws,2016/3/25 21:55,1000,126,100,49,5989629,21.08,59896.29,,,,
ws,2016/3/25 21:55,1000,126,100,54,6554489,21.09,65544.89,,,,
ws,2016/3/25 21:55,1000,126,100,50,5816270,20.29,58162.7,,,,
ws,2016/3/25 21:55,1000,126,100,52,6148537,20.91,61485.37,,,,
ws,2016/3/25 21:55,1000,126,100,50,5717349,18.91,57173.49,,,,
ws,2016/3/25 21:55,1000,126,100,49,5548981,19.56,55489.81,,,,
ws,2016/3/25 21:55,1000,126,100,47,5599597,18.65,55995.97,,,,
ws,2016/3/25 21:55,1000,126,100,52,5962132,19.48,59621.32,,,,
ws,2016/3/25 21:55,1000,126,100,43,4870056,17.52,48700.56,,,,
ws,2016/3/25 21:55,1000,126,100,48,5738548,19.12,57385.48,,,,
ws,2016/3/25 21:55,1000,130,100,49,5522035,18.75,55220.35,,,,
ws,2016/3/25 21:55,1000,130,100,49,5269965,18.83,52699.65,,,,
ws,2016/3/25 21:55,1000,130,100,51,6158232,21.04,61582.32,,,,
ws,2016/3/25 21:55,1000,130,100,49,5825457,19.99,58254.57,,,,
ws,2016/3/25 21:55,1000,130,100,55,6325428,21.21,63254.28,,,,
ws,2016/3/25 21:55,1000,130,100,54,6524246,21.68,65242.46,,,,
ws,2016/3/25 21:55,1000,130,100,50,6267357,20.83,62673.57,,,,
ws,2016/3/25 21:55,1000,130,100,48,5496369,19.82,54963.69,,,,
ws,2016/3/25 21:55,1000,130,100,52,6121298,19.79,61212.98,,,,
ws,2016/3/25 21:55,1000,130,100,42,4348372,14.98,43483.72,,,,
ws,2016/3/25 21:55,1000,136,100,51,5778645,18.77,57786.45,,,,
ws,2016/3/25 21:55,1000,136,100,48,5514526,18.17,55145.26,,,,
ws,2016/3/25 21:55,1000,136,100,46,5445103,18.34,54451.03,,,,
ws,2016/3/25 21:55,1000,136,100,51,5631035,18.89,56310.35,,,,
ws,2016/3/25 21:55,1000,136,100,44,4757313,15.63,47573.13,,,,
ws,2016/3/25 21:55,1000,136,100,50,5909089,19.97,59090.89,,,,
ws,2016/3/25 21:55,1000,136,100,45,5068230,17.49,50682.3,,,,
ws,2016/3/25 21:55,1000,136,100,49,5371658,17.31,53716.58,,,,
ws,2016/3/25 21:55,1000,136,100,53,6340665,20.68,63406.65,,,,
ws,2016/3/25 21:55,1000,136,100,48,5346667,17.08,53466.67,,,,
ws,2016/3/25 21:55,1000,140,100,48,4994119,16.11,49941.19,,,,
ws,2016/3/25 21:55,1000,140,100,54,5759825,18.35,57598.25,,,,
ws,2016/3/25 21:55,1000,140,100,52,6190892,19.02,61908.92,,,,
ws,2016/3/25 21:55,1000,140,100,53,6361181,20.52,63611.81,,,,
ws,2016/3/25 21:55,1000,140,100,50,5885615,18.57,58856.15,,,,
ws,2016/3/25 21:55,1000,140,100,44,4473740,15,44737.4,,,,
ws,2016/3/25 21:55,1000,140,100,48,5559717,18.55,55597.17,,,,
ws,2016/3/25 21:55,1000,140,100,46,4711580,16.54,47115.8,,,,
ws,2016/3/25 21:55,1000,140,100,51,6082797,20.53,60827.97,,,,
ws,2016/3/25 21:55,1000,140,100,42,4583876,15.15,45838.76,,,,
ws,2016/3/25 21:55,1000,146,100,56,6683336,21.65,66833.36,,,,
ws,2016/3/25 21:55,1000,146,100,50,5319632,18.89,53196.32,,,,
ws,2016/3/25 21:55,1000,146,100,48,5408324,18.42,54083.24,,,,
ws,2016/3/25 21:55,1000,146,100,47,5493830,18.62,54938.3,,,,
ws,2016/3/25 21:55,1000,146,100,46,5271165,18.22,52711.65,,,,
ws,2016/3/25 21:56,1000,146,100,47,5491957,18.37,54919.57,,,,
ws,2016/3/25 21:56,1000,146,100,52,5974381,19.84,59743.81,,,,
ws,2016/3/25 21:56,1000,146,100,53,5922155,20.39,59221.55,,,,
ws,2016/3/25 21:56,1000,146,100,50,5662551,19.11,56625.51,,,,
ws,2016/3/25 21:56,1000,146,100,47,5425148,18.11,54251.48,,,,
ws,2016/3/25 21:56,1000,150,100,53,5856034,19.28,58560.34,,,,
ws,2016/3/25 21:56,1000,150,100,52,5942694,20.43,59426.94,,,,
ws,2016/3/25 21:56,1000,150,100,51,5751609,19.19,57516.09,,,,
ws,2016/3/25 21:56,1000,150,100,48,5510460,19.51,55104.6,,,,
ws,2016/3/25 21:56,1000,150,100,48,5544147,18.26,55441.47,,,,
ws,2016/3/25 21:56,1000,150,100,50,5822044,19.84,58220.44,,,,
ws,2016/3/25 21:56,1000,150,100,48,5353319,18.2,53533.19,,,,
ws,2016/3/25 21:56,1000,150,100,47,5311047,17.98,53110.47,,,,
ws,2016/3/25 21:56,1000,150,100,46,5119060,17.94,51190.6,,,,
ws,2016/3/25 21:56,1000,150,100,49,5740452,19.89,57404.52,,,,
ws,2016/3/25 21:56,1000,156,100,47,4930545,15.78,49305.45,,,,
ws,2016/3/25 21:56,1000,156,100,46,5310889,17.51,53108.89,,,,
ws,2016/3/25 21:56,1000,156,100,48,5249121,17.82,52491.21,,,,
ws,2016/3/25 21:56,1000,156,100,52,6181344,20.19,61813.44,,,,
ws,2016/3/25 21:56,1000,156,100,46,4921603,16.17,49216.03,,,,
ws,2016/3/25 21:56,1000,156,100,45,4978687,15.71,49786.87,,,,
ws,2016/3/25 21:56,1000,156,100,51,5777984,18.49,57779.84,,,,
ws,2016/3/25 21:56,1000,156,100,46,5286530,17.34,52865.3,,,,
ws,2016/3/25 21:56,1000,156,100,50,5361243,17.24,53612.43,,,,
ws,2016/3/25 21:56,1000,156,100,55,6763986,21.31,67639.86,,,,
ws,2016/3/25 21:56,1000,160,100,51,5801388,18.92,58013.88,,,,
ws,2016/3/25 21:56,1000,160,100,53,6297678,19.73,62976.78,,,,
ws,2016/3/25 21:56,1000,160,100,47,5094621,16.58,50946.21,,,,
ws,2016/3/25 21:56,1000,160,100,52,5651166,17.67,56511.66,,,,
ws,2016/3/25 21:56,1000,160,100,45,5094699,16.79,50946.99,,,,
ws,2016/3/25 21:56,1000,160,100,51,5788875,17.55,57888.75,,,,
ws,2016/3/25 21:56,1000,160,100,50,5525686,17.18,55256.86,,,,
ws,2016/3/25 21:56,1000,160,100,48,5383610,17.77,53836.1,,,,
ws,2016/3/25 21:56,1000,160,100,43,4424825,14.55,44248.25,,,,
ws,2016/3/25 21:56,1000,160,100,48,5486371,17.59,54863.71,,,,
ws,2016/3/25 21:56,1000,166,100,47,4888933,15.95,48889.33,,,,
ws,2016/3/25 21:56,1000,166,100,49,4868380,16.99,48683.8,,,,
ws,2016/3/25 21:56,1000,166,100,46,4950765,15.19,49507.65,,,,
ws,2016/3/25 21:56,1000,166,100,48,4937750,16.47,49377.5,,,,
ws,2016/3/25 21:56,1000,166,100,48,5451226,18.02,54512.26,,,,
ws,2016/3/25 21:56,1000,166,100,49,5263754,16.49,52637.54,,,,
ws,2016/3/25 21:56,1000,166,100,43,4432555,14.45,44325.55,,,,
ws,2016/3/25 21:56,1000,166,100,47,4672871,15.74,46728.71,,,,
ws,2016/3/25 21:57,1000,166,100,48,4970766,16.25,49707.66,,,,
ws,2016/3/25 21:57,1000,166,100,50,5333035,17.75,53330.35,,,,
ws,2016/3/25 21:57,1000,170,100,46,5103182,17.15,51031.82,,,,
ws,2016/3/25 21:57,1000,170,100,47,5322767,17.33,53227.67,,,,
ws,2016/3/25 21:57,1000,170,100,44,5001836,17.45,50018.36,,,,
ws,2016/3/25 21:57,1000,170,100,47,5028099,17.08,50280.99,,,,
ws,2016/3/25 21:57,1000,170,100,46,5092365,17.59,50923.65,,,,
ws,2016/3/25 21:57,1000,170,100,49,5143905,16.72,51439.05,,,,
ws,2016/3/25 21:57,1000,170,100,50,5537419,17.97,55374.19,,,,
ws,2016/3/25 21:57,1000,170,100,47,5087381,18.5,50873.81,,,,
ws,2016/3/25 21:57,1000,170,100,47,5209594,17.66,52095.94,,,,
ws,2016/3/25 21:57,1000,170,100,50,5502423,18.61,55024.23,,,,
ws,2016/3/25 21:57,1000,176,100,48,5036895,16.53,50368.95,,,,
ws,2016/3/25 21:57,1000,176,100,46,4810391,16.58,48103.91,,,,
ws,2016/3/25 21:57,1000,176,100,47,5256495,18,52564.95,,,,
ws,2016/3/25 21:57,1000,176,100,52,5677384,18.44,56773.84,,,,
ws,2016/3/25 21:57,1000,176,100,47,5178972,17.46,51789.72,,,,
ws,2016/3/25 21:57,1000,176,100,47,5596045,18.68,55960.45,,,,
ws,2016/3/25 21:57,1000,176,100,52,4830519,16.73,48305.19,,,,
ws,2016/3/25 21:57,1000,176,100,48,4960362,17.47,49603.62,,,,
ws,2016/3/25 21:57,1000,176,100,49,5241390,18.27,52413.9,,,,
ws,2016/3/25 21:57,1000,176,100,46,4985593,16.98,49855.93,,,,
ws,2016/3/25 21:57,1000,180,100,47,5397673,17.9,53976.73,,,,
ws,2016/3/25 21:57,1000,180,100,48,5287168,17.05,52871.68,,,,
ws,2016/3/25 21:57,1000,180,100,48,5205660,17.35,52056.6,,,,
ws,2016/3/25 21:57,1000,180,100,47,5431759,16.76,54317.59,,,,
ws,2016/3/25 21:57,1000,180,100,47,5253986,16.98,52539.86,,,,
ws,2016/3/25 21:57,1000,180,100,48,4925618,17.78,49256.18,,,,
ws,2016/3/25 21:57,1000,180,100,50,5349245,16.93,53492.45,,,,
ws,2016/3/25 21:57,1000,180,100,49,4876152,17.13,48761.52,,,,
ws,2016/3/25 21:57,1000,180,100,47,4982047,16.39,49820.47,,,,
ws,2016/3/25 21:57,1000,180,100,47,4997499,17.31,49974.99,,,,
ws,2016/3/25 21:57,1000,186,100,50,5675749,19.08,56757.49,,,,
ws,2016/3/25 21:57,1000,186,100,50,5557819,17.99,55578.19,,,,
ws,2016/3/25 21:57,1000,186,100,49,5430598,17.99,54305.98,,,,
ws,2016/3/25 21:57,1000,186,100,48,5199449,18.39,51994.49,,,,
ws,2016/3/25 21:57,1000,186,100,51,5716589,19.02,57165.89,,,,
ws,2016/3/25 21:57,1000,186,100,52,5460895,17.69,54608.95,,,,
ws,2016/3/25 21:57,1000,186,100,50,5137076,17.58,51370.76,,,,
ws,2016/3/25 21:57,1000,186,100,46,4903631,16.84,49036.31,,,,
ws,2016/3/25 21:57,1000,186,100,47,5158054,17.25,51580.54,,,,
ws,2016/3/25 21:58,1000,186,100,50,5499914,18.3,54999.14,,,,
ws,2016/3/25 21:58,1000,190,100,46,4961380,16.84,49613.8,,,,
ws,2016/3/25 21:58,1000,190,100,51,5230917,17.96,52309.17,,,,
ws,2016/3/25 21:58,1000,190,100,52,5549625,18.55,55496.25,,,,
ws,2016/3/25 21:58,1000,190,100,54,6072611,20.38,60726.11,,,,
ws,2016/3/25 21:58,1000,190,100,47,5161748,18.18,51617.48,,,,
ws,2016/3/25 21:58,1000,190,100,47,5099871,18.07,50998.71,,,,
ws,2016/3/25 21:58,1000,190,100,49,5638814,19.05,56388.14,,,,
ws,2016/3/25 21:58,1000,190,100,53,5673982,18.19,56739.82,,,,
ws,2016/3/25 21:58,1000,190,100,48,5298844,18.66,52988.44,,,,
ws,2016/3/25 21:58,1000,190,100,48,5110704,17.49,51107.04,,,,
ws,2016/3/25 21:58,1000,196,100,48,4652115,13.7,46521.15,,,,
ws,2016/3/25 21:58,1000,196,100,48,5320951,16.73,53209.51,,,,
ws,2016/3/25 21:58,1000,196,100,47,4954202,16.66,49542.02,,,,
ws,2016/3/25 21:58,1000,196,100,50,5089221,15.3,50892.21,,,,
ws,2016/3/25 21:58,1000,196,100,46,4663980,15.45,46639.8,,,,
ws,2016/3/25 21:58,1000,196,100,50,5352088,18.26,53520.88,,,,
ws,2016/3/25 21:58,1000,196,100,52,5484573,17.41,54845.73,,,,
ws,2016/3/25 21:58,1000,196,100,53,5397070,16.49,53970.7,,,,
ws,2016/3/25 21:58,1000,196,100,46,5191044,17.41,51910.44,,,,
ws,2016/3/25 21:58,1000,196,100,47,5073979,16.2,50739.79,,,,
ws,2016/3/25 21:58,1000,200,100,49,4853134,16.4,48531.34,,,,
ws,2016/3/25 21:58,1000,200,100,50,5162495,16.94,51624.95,,,,
ws,2016/3/25 21:58,1000,200,100,46,4833763,16.63,48337.63,,,,
ws,2016/3/25 21:58,1000,200,100,48,5100915,17.14,51009.15,,,,
ws,2016/3/25 21:58,1000,200,100,48,4917648,16.72,49176.48,,,,
ws,2016/3/25 21:58,1000,200,100,52,6021193,18.28,60211.93,,,,
ws,2016/3/25 21:58,1000,200,100,44,4269469,14.88,42694.69,,,,
ws,2016/3/25 21:58,1000,200,100,47,4910809,16.82,49108.09,,,,
ws,2016/3/25 21:58,1000,200,100,49,4949833,15.5,49498.33,,,,
ws,2016/3/25 21:58,1000,200,100,50,5323643,18.09,53236.43,,,,
ws,2016/3/25 21:58,1000,206,100,49,5041766,16.68,50417.66,,,,
ws,2016/3/25 21:58,1000,206,100,51,5177972,16.97,51779.72,,,,
ws,2016/3/25 21:58,1000,206,100,47,4989047,17.28,49890.47,,,,
ws,2016/3/25 21:58,1000,206,100,48,5288880,17.43,52888.8,,,,
ws,2016/3/25 21:58,1000,206,100,50,5463674,18.44,54636.74,,,,
ws,2016/3/25 21:58,1000,206,100,50,5659688,18.22,56596.88,,,,
ws,2016/3/25 21:58,1000,206,100,45,4577545,15.99,45775.45,,,,
ws,2016/3/25 21:59,1000,206,100,52,5266398,15.95,52663.98,,,,
ws,2016/3/25 21:59,1000,206,100,46,4841688,16.32,48416.88,,,,
ws,2016/3/25 21:59,1000,206,100,48,5002849,16.55,50028.49,,,,
ba,2016/3/25 21:59,1000,220.248,100,66,8047826,33.68,80478.26,,,,
ba,2016/3/25 21:59,1000,220.248,100,61,7620088,31.06,76200.88,,,,
ba,2016/3/25 21:59,1000,220.248,100,62,7329401,30.91,73294.01,,,,
ba,2016/3/25 21:59,1000,220.248,100,64,7665352,31.27,76653.52,,,,
ba,2016/3/25 21:59,1000,220.248,100,60,6833253,29.86,68332.53,,,,
ba,2016/3/25 21:59,1000,220.248,100,66,7871981,31.58,78719.81,,,,
ba,2016/3/25 21:59,1000,220.248,100,58,6875802,30.47,68758.02,,,,
ba,2016/3/25 21:59,1000,220.248,100,61,7104215,29.99,71042.15,,,,
ba,2016/3/25 21:59,1000,220.248,100,61,7290901,30.95,72909.01,,,,
ba,2016/3/25 21:59,1000,220.248,100,60,6810528,29.7,68105.28,,,,
ba,2016/3/25 21:59,1000,224.718,100,63,7586153,31.23,75861.53,,,,
ba,2016/3/25 21:59,1000,224.718,100,60,6908844,30.09,69088.44,,,,
ba,2016/3/25 21:59,1000,224.718,100,63,7628100,30.63,76281,,,,
ba,2016/3/25 21:59,1000,224.718,100,56,6910483,29.44,69104.83,,,,
ba,2016/3/25 21:59,1000,224.718,100,62,7701659,31.04,77016.59,,,,
ba,2016/3/25 21:59,1000,224.718,100,60,7150292,30.08,71502.92,,,,
ba,2016/3/25 21:59,1000,224.718,100,60,7122226,30.68,71222.26,,,,
ba,2016/3/25 21:59,1000,224.718,100,58,6854685,28.89,68546.85,,,,
ba,2016/3/25 21:59,1000,224.718,100,63,7516324,30.95,75163.24,,,,
ba,2016/3/25 21:59,1000,224.718,100,57,6623543,28.61,66235.43,,,,
ba,2016/3/25 21:59,1000,229.152,100,61,7159982,30.51,71599.82,,,,
ba,2016/3/25 21:59,1000,229.152,100,58,7154114,31.08,71541.14,,,,
ba,2016/3/25 21:59,1000,229.152,100,58,6795157,29.26,67951.57,,,,
ba,2016/3/25 21:59,1000,229.152,100,62,7506051,31.91,75060.51,,,,
ba,2016/3/25 21:59,1000,229.152,100,59,7001544,31.1,70015.44,,,,
ba,2016/3/25 21:59,1000,229.152,100,62,7232289,31.48,72322.89,,,,
ba,2016/3/25 21:59,1000,229.152,100,58,6734183,29.3,67341.83,,,,
ba,2016/3/25 21:59,1000,229.152,100,59,7127497,30.66,71274.97,,,,
ba,2016/3/25 21:59,1000,229.152,100,60,7355233,32.16,73552.33,,,,
ba,2016/3/25 21:59,1000,229.152,100,64,7858824,32.5,78588.24,,,,
ba,2016/3/25 21:59,1000,233.55,100,61,7280004,30.17,72800.04,,,,
ba,2016/3/25 22:00,1000,233.55,100,65,7697774,32.1,76977.74,,,,
ba,2016/3/25 22:00,1000,233.55,100,63,7480489,31.35,74804.89,,,,
ba,2016/3/25 22:00,1000,233.55,100,59,6784643,29.2,67846.43,,,,
ba,2016/3/25 22:00,1000,233.55,100,65,7817965,32.14,78179.65,,,,
ba,2016/3/25 22:00,1000,233.55,100,69,8477503,33.44,84775.03,,,,
ba,2016/3/25 22:00,1000,233.55,100,58,6828955,28.58,68289.55,,,,
ba,2016/3/25 22:00,1000,233.55,100,61,7109079,30.11,71090.79,,,,
ba,2016/3/25 22:00,1000,233.55,100,65,8104000,32.96,81040,,,,
ba,2016/3/25 22:00,1000,233.55,100,56,6690460,28.28,66904.6,,,,
ba,2016/3/25 22:00,1000,237.912,100,63,7351485,30.96,73514.85,,,,
ba,2016/3/25 22:00,1000,237.912,100,63,7732416,30.35,77324.16,,,,
ba,2016/3/25 22:00,1000,237.912,100,57,6635517,29,66355.17,,,,
ba,2016/3/25 22:00,1000,237.912,100,65,7929498,32.24,79294.98,,,,
ba,2016/3/25 22:00,1000,237.912,100,59,7345010,29.75,73450.1,,,,
ba,2016/3/25 22:00,1000,237.912,100,61,7153140,30.25,71531.4,,,,
ba,2016/3/25 22:00,1000,237.912,100,55,6232955,28.68,62329.55,,,,
ba,2016/3/25 22:00,1000,237.912,100,61,7367234,29.97,73672.34,,,,
ba,2016/3/25 22:00,1000,237.912,100,60,6940102,30.25,69401.02,,,,
ba,2016/3/25 22:00,1000,237.912,100,59,6758612,29.05,67586.12,,,,
ba,2016/3/25 22:00,1000,242.238,100,67,8051590,34.88,80515.9,,,,
ba,2016/3/25 22:00,1000,242.238,100,60,6834550,29.77,68345.5,,,,
ba,2016/3/25 22:00,1000,242.238,100,63,7537996,31.77,75379.96,,,,
ba,2016/3/25 22:00,1000,242.238,100,66,7927698,33.68,79276.98,,,,
ba,2016/3/25 22:00,1000,242.238,100,62,7419356,31.64,74193.56,,,,
ba,2016/3/25 22:00,1000,242.238,100,63,7422621,31.62,74226.21,,,,
ba,2016/3/25 22:00,1000,242.238,100,58,6738165,31.16,67381.65,,,,
ba,2016/3/25 22:00,1000,242.238,100,58,6681055,29.37,66810.55,,,,
ba,2016/3/25 22:00,1000,242.238,100,62,7592104,32.63,75921.04,,,,
ba,2016/3/25 22:00,1000,242.238,100,60,7162647,30.62,71626.47,,,,
ba,2016/3/25 22:00,1000,246.528,100,68,8418453,32.96,84184.53,,,,
ba,2016/3/25 22:00,1000,246.528,100,64,7818113,32.76,78181.13,,,,
ba,2016/3/25 22:00,1000,246.528,100,56,6879078,30.27,68790.78,,,,
ba,2016/3/25 22:00,1000,246.528,100,64,7719063,31.73,77190.63,,,,
ba,2016/3/25 22:00,1000,246.528,100,58,7193531,30.52,71935.31,,,,
ba,2016/3/25 22:00,1000,246.528,100,66,7949729,31.04,79497.29,,,,
ba,2016/3/25 22:01,1000,246.528,100,63,7652004,32.78,76520.04,,,,
ba,2016/3/25 22:01,1000,246.528,100,62,7441271,31.57,74412.71,,,,
ba,2016/3/25 22:01,1000,246.528,100,65,8090431,33.07,80904.31,,,,
ba,2016/3/25 22:01,1000,246.528,100,61,7541350,33.11,75413.5,,,,
ba,2016/3/25 22:01,1000,250.782,100,62,7270538,31.34,72705.38,,,,
ba,2016/3/25 22:01,1000,250.782,100,62,7532072,31.04,75320.72,,,,
ba,2016/3/25 22:01,1000,250.782,100,58,7208220,30.59,72082.2,,,,
ba,2016/3/25 22:01,1000,250.782,100,62,7774046,33.23,77740.46,,,,
ba,2016/3/25 22:01,1000,250.782,100,57,6898564,30.67,68985.64,,,,
ba,2016/3/25 22:01,1000,250.782,100,67,8298269,33.97,82982.69,,,,
ba,2016/3/25 22:01,1000,250.782,100,56,6663047,29.95,66630.47,,,,
ba,2016/3/25 22:01,1000,250.782,100,58,6656743,29.41,66567.43,,,,
ba,2016/3/25 22:01,1000,250.782,100,60,7425974,29.43,74259.74,,,,
ba,2016/3/25 22:01,1000,250.782,100,60,7210349,30.97,72103.49,,,,
ba,2016/3/25 22:01,1000,255,100,58,6564101,28.46,65641.01,,,,
ba,2016/3/25 22:01,1000,255,100,55,6694879,28.47,66948.79,,,,
ba,2016/3/25 22:01,1000,255,100,58,6829540,28.78,68295.4,,,,
ba,2016/3/25 22:01,1000,255,100,61,7291149,29.58,72911.49,,,,
ba,2016/3/25 22:01,1000,255,100,60,7032976,30.36,70329.76,,,,
ba,2016/3/25 22:01,1000,255,100,57,6946349,28.43,69463.49,,,,
ba,2016/3/25 22:01,1000,255,100,57,6636009,28.33,66360.09,,,,
ba,2016/3/25 22:01,1000,255,100,57,6900369,29.91,69003.69,,,,
ba,2016/3/25 22:01,1000,255,100,65,8184760,33.15,81847.6,,,,
ba,2016/3/25 22:01,1000,255,100,70,8616815,33.64,86168.15,,,,
ba,2016/3/25 22:01,1000,259.182,100,65,7794741,32.79,77947.41,,,,
ba,2016/3/25 22:01,1000,259.182,100,60,7039497,30.58,70394.97,,,,
ba,2016/3/25 22:01,1000,259.182,100,58,7226554,29.77,72265.54,,,,
ba,2016/3/25 22:01,1000,259.182,100,61,7484649,30.68,74846.49,,,,
ba,2016/3/25 22:01,1000,259.182,100,58,6770041,28.97,67700.41,,,,
ba,2016/3/25 22:01,1000,259.182,100,60,7220560,31.34,72205.6,,,,
ba,2016/3/25 22:01,1000,259.182,100,63,7711471,31.01,77114.71,,,,
ba,2016/3/25 22:01,1000,259.182,100,65,7778149,31.85,77781.49,,,,
ba,2016/3/25 22:02,1000,259.182,100,60,7744316,32.39,77443.16,,,,
ba,2016/3/25 22:02,1000,259.182,100,64,7820705,32.14,78207.05,,,,
ba,2016/3/25 22:02,1000,263.328,100,61,7232520,31.58,72325.2,,,,
ba,2016/3/25 22:02,1000,263.328,100,62,7313555,29.76,73135.55,,,,
ba,2016/3/25 22:02,1000,263.328,100,60,6880768,30.43,68807.68,,,,
ba,2016/3/25 22:02,1000,263.328,100,61,7085969,31.51,70859.69,,,,
ba,2016/3/25 22:02,1000,263.328,100,67,8375790,33.9,83757.9,,,,
ba,2016/3/25 22:02,1000,263.328,100,61,7033435,29.64,70334.35,,,,
ba,2016/3/25 22:02,1000,263.328,100,64,7759426,32.63,77594.26,,,,
ba,2016/3/25 22:02,1000,263.328,100,61,7443142,31,74431.42,,,,
ba,2016/3/25 22:02,1000,263.328,100,64,7585525,31.06,75855.25,,,,
ba,2016/3/25 22:02,1000,263.328,100,59,6587778,29.36,65877.78,,,,
ba,2016/3/25 22:02,1000,267.438,100,65,7922923,32.66,79229.23,,,,
ba,2016/3/25 22:02,1000,267.438,100,58,6522425,29.7,65224.25,,,,
ba,2016/3/25 22:02,1000,267.438,100,62,7175329,29.95,71753.29,,,,
ba,2016/3/25 22:02,1000,267.438,100,58,6878861,29.8,68788.61,,,,
ba,2016/3/25 22:02,1000,267.438,100,65,8010759,33.63,80107.59,,,,
ba,2016/3/25 22:02,1000,267.438,100,66,7662066,33.13,76620.66,,,,
ba,2016/3/25 22:02,1000,267.438,100,61,7241918,30.31,72419.18,,,,
ba,2016/3/25 22:02,1000,267.438,100,56,6612219,29.95,66122.19,,,,
ba,2016/3/25 22:02,1000,267.438,100,58,6731533,28.44,67315.33,,,,
ba,2016/3/25 22:02,1000,267.438,100,63,7565359,32.51,75653.59,,,,
ba,2016/3/25 22:02,1000,271.512,100,59,6845196,30.19,68451.96,,,,
ba,2016/3/25 22:02,1000,271.512,100,62,7260743,30.8,72607.43,,,,
ba,2016/3/25 22:02,1000,271.512,100,63,7806025,32.55,78060.25,,,,
ba,2016/3/25 22:02,1000,271.512,100,64,7511400,31.57,75114,,,,
ba,2016/3/25 22:02,1000,271.512,100,60,7127014,31.85,71270.14,,,,
ba,2016/3/25 22:02,1000,271.512,100,62,7460399,31.64,74603.99,,,,
ba,2016/3/25 22:02,1000,271.512,100,64,7659967,31.74,76599.67,,,,
ba,2016/3/25 22:02,1000,271.512,100,67,8278277,33.81,82782.77,,,,
ba,2016/3/25 22:02,1000,271.512,100,68,8482387,34.03,84823.87,,,,
ba,2016/3/25 22:03,1000,271.512,100,66,8187817,33.89,81878.17,,,,
ba,2016/3/25 22:03,1000,275.55,100,66,8121077,32.29,81210.77,,,,
ba,2016/3/25 22:03,1000,275.55,100,64,7740995,31.32,77409.95,,,,
ba,2016/3/25 22:03,1000,275.55,100,59,6966482,29.16,69664.82,,,,
ba,2016/3/25 22:03,1000,275.55,100,59,7032782,30.43,70327.82,,,,
ba,2016/3/25 22:03,1000,275.55,100,60,7285705,30.57,72857.05,,,,
ba,2016/3/25 22:03,1000,275.55,100,60,6871115,29.87,68711.15,,,,
ba,2016/3/25 22:03,1000,275.55,100,56,6617327,28.8,66173.27,,,,
ba,2016/3/25 22:03,1000,275.55,100,64,7521201,31.88,75212.01,,,,
ba,2016/3/25 22:03,1000,275.55,100,59,7159069,30.37,71590.69,,,,
ba,2016/3/25 22:03,1000,275.55,100,61,7417901,31.63,74179.01,,,,
ba,2016/3/25 22:03,1000,279.552,100,66,8066124,33.75,80661.24,,,,
ba,2016/3/25 22:03,1000,279.552,100,65,7887145,33.23,78871.45,,,,
ba,2016/3/25 22:03,1000,279.552,100,58,6746402,29.64,67464.02,,,,
ba,2016/3/25 22:03,1000,279.552,100,62,7588298,32.1,75882.98,,,,
ba,2016/3/25 22:03,1000,279.552,100,64,7814952,32.43,78149.52,,,,
ba,2016/3/25 22:03,1000,279.552,100,58,6969254,30.41,69692.54,,,,
ba,2016/3/25 22:03,1000,279.552,100,62,7624563,31.07,76245.63,,,,
ba,2016/3/25 22:03,1000,279.552,100,60,7199523,29.61,71995.23,,,,
ba,2016/3/25 22:03,1000,279.552,100,63,7543367,32.31,75433.67,,,,
ba,2016/3/25 22:03,1000,279.552,100,61,7170061,30.81,71700.61,,,,
ba,2016/3/25 22:03,1000,283.518,100,61,7467146,31.5,74671.46,,,,
ba,2016/3/25 22:03,1000,283.518,100,62,7524602,31.41,75246.02,,,,
ba,2016/3/25 22:03,1000,283.518,100,62,7487939,30.02,74879.39,,,,
ba,2016/3/25 22:03,1000,283.518,100,64,7498884,31.24,74988.84,,,,
ba,2016/3/25 22:03,1000,283.518,100,64,7725659,33.09,77256.59,,,,
ba,2016/3/25 22:03,1000,283.518,100,60,7275234,32.17,72752.34,,,,
ba,2016/3/25 22:03,1000,283.518,100,66,8283453,33.55,82834.53,,,,
ba,2016/3/25 22:03,1000,283.518,100,64,7773341,32.13,77733.41,,,,
ba,2016/3/25 22:03,1000,283.518,100,63,7407251,31.44,74072.51,,,,
ba,2016/3/25 22:04,1000,283.518,100,63,7368468,30.97,73684.68,,,,
ba,2016/3/25 22:04,1000,287.448,100,64,7845705,32.2,78457.05,,,,
ba,2016/3/25 22:04,1000,287.448,100,62,7325312,30.9,73253.12,,,,
ba,2016/3/25 22:04,1000,287.448,100,62,7599504,31.12,75995.04,,,,
ba,2016/3/25 22:04,1000,287.448,100,65,7904894,32.84,79048.94,,,,
ba,2016/3/25 22:04,1000,287.448,100,65,7839891,31.9,78398.91,,,,
ba,2016/3/25 22:04,1000,287.448,100,57,6917849,29.21,69178.49,,,,
ba,2016/3/25 22:04,1000,287.448,100,62,7421910,30.82,74219.1,,,,
ba,2016/3/25 22:04,1000,287.448,100,60,7239438,30.61,72394.38,,,,
ba,2016/3/25 22:04,1000,287.448,100,57,6757663,28.83,67576.63,,,,
ba,2016/3/25 22:04,1000,287.448,100,66,7961806,33.36,79618.06,,,,
ba,2016/3/25 22:04,1000,291.342,100,66,7939157,31.6,79391.57,,,,
ba,2016/3/25 22:04,1000,291.342,100,63,7523034,32.49,75230.34,,,,
ba,2016/3/25 22:04,1000,291.342,100,63,7386162,31.55,73861.62,,,,
ba,2016/3/25 22:04,1000,291.342,100,63,7343631,30.85,73436.31,,,,
ba,2016/3/25 22:04,1000,291.342,100,65,7862998,32.65,78629.98,,,,
ba,2016/3/25 22:04,1000,291.342,100,62,7497928,31.8,74979.28,,,,
ba,2016/3/25 22:04,1000,291.342,100,62,7434801,32.36,74348.01,,,,
ba,2016/3/25 22:04,1000,291.342,100,61,7668119,32.41,76681.19,,,,
ba,2016/3/25 22:04,1000,291.342,100,60,6726567,30.71,67265.67,,,,
ba,2016/3/25 22:04,1000,291.342,100,65,7729730,31.48,77297.3,,,,
ba,2016/3/25 22:04,1000,295.2,100,65,7517076,31.56,75170.76,,,,
ba,2016/3/25 22:04,1000,295.2,100,66,7876275,32.5,78762.75,,,,
ba,2016/3/25 22:04,1000,295.2,100,61,7199613,30.96,71996.13,,,,
ba,2016/3/25 22:04,1000,295.2,100,60,7014667,31.19,70146.67,,,,
ba,2016/3/25 22:04,1000,295.2,100,64,7621950,32.01,76219.5,,,,
ba,2016/3/25 22:04,1000,295.2,100,63,7298606,31.67,72986.06,,,,
ba,2016/3/25 22:04,1000,295.2,100,61,7154634,31.43,71546.34,,,,
ba,2016/3/25 22:04,1000,295.2,100,59,6865623,30.64,68656.23,,,,
ba,2016/3/25 22:05,1000,295.2,100,63,7521647,31.35,75216.47,,,,
ba,2016/3/25 22:05,1000,295.2,100,61,7176595,31.56,71765.95,,,,
ba,2016/3/25 22:05,1000,299.022,100,64,7802781,31.41,78027.81,,,,
ba,2016/3/25 22:05,1000,299.022,100,58,6915380,30.13,69153.8,,,,
ba,2016/3/25 22:05,1000,299.022,100,63,8017662,33.3,80176.62,,,,
ba,2016/3/25 22:05,1000,299.022,100,63,7713429,31.81,77134.29,,,,
ba,2016/3/25 22:05,1000,299.022,100,69,8217380,33.77,82173.8,,,,
ba,2016/3/25 22:05,1000,299.022,100,62,7580862,32.65,75808.62,,,,
ba,2016/3/25 22:05,1000,299.022,100,59,6846390,31.61,68463.9,,,,
ba,2016/3/25 22:05,1000,299.022,100,59,7404648,31.83,74046.48,,,,
ba,2016/3/25 22:05,1000,299.022,100,60,7162508,30.9,71625.08,,,,
ba,2016/3/25 22:05,1000,299.022,100,65,7984188,32.75,79841.88,,,,
regular,2016/3/25 22:05,1000,311,100,54,5160049,15.03,51600.49,,,,
regular,2016/3/25 22:05,1000,311,100,51,4925060,13.77,49250.6,,,,
regular,2016/3/25 22:05,1000,311,100,53,5227869,16.39,52278.69,,,,
regular,2016/3/25 22:05,1000,311,100,49,4787811,14.93,47878.11,,,,
regular,2016/3/25 22:05,1000,311,100,52,5236998,15.53,52369.98,,,,
regular,2016/3/25 22:05,1000,311,100,53,5191171,15.95,51911.71,,,,
regular,2016/3/25 22:05,1000,311,100,49,4933427,15.29,49334.27,,,,
regular,2016/3/25 22:05,1000,311,100,51,5138710,15.69,51387.1,,,,
regular,2016/3/25 22:05,1000,311,100,52,5116935,14.62,51169.35,,,,
regular,2016/3/25 22:05,1000,311,100,50,4907036,15.28,49070.36,,,,
regular,2016/3/25 22:05,1000,316,100,48,4733659,15.5,47336.59,,,,
regular,2016/3/25 22:05,1000,316,100,50,4800879,12.47,48008.79,,,,
regular,2016/3/25 22:05,1000,316,100,45,4446962,13.28,44469.62,,,,
regular,2016/3/25 22:05,1000,316,100,51,4747426,14.21,47474.26,,,,
regular,2016/3/25 22:06,1000,316,100,52,5354981,17.1,53549.81,,,,
regular,2016/3/25 22:06,1000,316,100,50,4795521,15.71,47955.21,,,,
regular,2016/3/25 22:06,1000,316,100,48,4529521,12.88,45295.21,,,,
regular,2016/3/25 22:06,1000,316,100,48,4730924,13.36,47309.24,,,,
regular,2016/3/25 22:06,1000,316,100,50,4529821,14.17,45298.21,,,,
regular,2016/3/25 22:06,1000,316,100,51,4553967,13.02,45539.67,,,,
regular,2016/3/25 22:06,1000,321,100,48,4930897,13.78,49308.97,,,,
regular,2016/3/25 22:06,1000,321,100,46,4389013,12.7,43890.13,,,,
regular,2016/3/25 22:06,1000,321,100,50,4566226,13.72,45662.26,,,,
regular,2016/3/25 22:06,1000,321,100,48,4609430,13.13,46094.3,,,,
regular,2016/3/25 22:06,1000,321,100,56,5271910,14.15,52719.1,,,,
regular,2016/3/25 22:06,1000,321,100,48,4896483,14.2,48964.83,,,,
regular,2016/3/25 22:06,1000,321,100,52,5463244,17.94,54632.44,,,,
regular,2016/3/25 22:06,1000,321,100,52,4877126,13.37,48771.26,,,,
regular,2016/3/25 22:06,1000,321,100,53,5138001,15.83,51380.01,,,,
regular,2016/3/25 22:06,1000,321,100,47,4657240,13.52,46572.4,,,,
regular,2016/3/25 22:06,1000,326,100,48,4688697,14.57,46886.97,,,,
regular,2016/3/25 22:06,1000,326,100,49,4841800,15.3,48418,,,,
regular,2016/3/25 22:06,1000,326,100,52,5597970,17.39,55979.7,,,,
regular,2016/3/25 22:06,1000,326,100,48,4771995,14.63,47719.95,,,,
regular,2016/3/25 22:06,1000,326,100,52,5311792,16.64,53117.92,,,,
regular,2016/3/25 22:06,1000,326,100,51,5301540,16.51,53015.4,,,,
regular,2016/3/25 22:06,1000,326,100,50,4864952,15.85,48649.52,,,,
regular,2016/3/25 22:06,1000,326,100,55,5613303,17.73,56133.03,,,,
regular,2016/3/25 22:06,1000,326,100,50,5061538,16.07,50615.38,,,,
regular,2016/3/25 22:07,1000,326,100,50,5031522,15.66,50315.22,,,,
regular,2016/3/25 22:07,1000,331,100,50,4900987,11.54,49009.87,,,,
regular,2016/3/25 22:07,1000,331,100,50,4967449,12.86,49674.49,,,,
regular,2016/3/25 22:07,1000,331,100,54,4901092,13.11,49010.92,,,,
regular,2016/3/25 22:07,1000,331,100,54,4949829,11.7,49498.29,,,,
regular,2016/3/25 22:07,1000,331,100,49,4617839,11.36,46178.39,,,,
regular,2016/3/25 22:07,1000,331,100,50,4808159,14.31,48081.59,,,,
regular,2016/3/25 22:07,1000,331,100,51,5199714,15.96,51997.14,,,,
regular,2016/3/25 22:07,1000,331,100,51,4434455,10.33,44344.55,,,,
regular,2016/3/25 22:07,1000,331,100,53,5234873,13.23,52348.73,,,,
regular,2016/3/25 22:07,1000,331,100,53,5734660,17.39,57346.6,,,,
regular,2016/3/25 22:07,1000,336,100,47,4683782,13.1,46837.82,,,,
regular,2016/3/25 22:07,1000,336,100,46,4415444,13.14,44154.44,,,,
regular,2016/3/25 22:08,1000,336,100,55,5004194,12.75,50041.94,,,,
regular,2016/3/25 22:08,1000,336,100,51,4722143,14.02,47221.43,,,,
regular,2016/3/25 22:08,1000,336,100,54,5156886,12.38,51568.86,,,,
regular,2016/3/25 22:08,1000,336,100,53,4781724,12.41,47817.24,,,,
regular,2016/3/25 22:08,1000,336,100,50,5247069,15.62,52470.69,,,,
regular,2016/3/25 22:08,1000,336,100,48,4754201,12.74,47542.01,,,,
regular,2016/3/25 22:08,1000,336,100,54,4918753,12.71,49187.53,,,,
regular,2016/3/25 22:08,1000,336,100,47,4589327,14.13,45893.27,,,,
regular,2016/3/25 22:08,1000,341,100,48,4659412,13.07,46594.12,,,,
regular,2016/3/25 22:08,1000,341,100,48,4721809,12.65,47218.09,,,,
regular,2016/3/25 22:08,1000,341,100,51,4787245,12.77,47872.45,,,,
regular,2016/3/25 22:08,1000,341,100,55,4994979,13.7,49949.79,,,,
regular,2016/3/25 22:08,1000,341,100,52,5077130,15.4,50771.3,,,,
regular,2016/3/25 22:08,1000,341,100,49,4824714,14.45,48247.14,,,,
regular,2016/3/25 22:08,1000,341,100,49,4691884,13.91,46918.84,,,,
regular,2016/3/25 22:08,1000,341,100,53,4930502,15.73,49305.02,,,,
regular,2016/3/25 22:08,1000,341,100,49,4720489,14.46,47204.89,,,,
regular,2016/3/25 22:08,1000,341,100,50,4890038,15.01,48900.38,,,,
regular,2016/3/25 22:08,1000,346,100,47,4749910,14.59,47499.1,,,,
regular,2016/3/25 22:08,1000,346,100,51,4669119,13.42,46691.19,,,,
regular,2016/3/25 22:08,1000,346,100,47,4479422,14.82,44794.22,,,,
regular,2016/3/25 22:08,1000,346,100,50,4868151,16.36,48681.51,,,,
regular,2016/3/25 22:08,1000,346,100,51,4710071,14.6,47100.71,,,,
regular,2016/3/25 22:08,1000,346,100,46,4754506,14.74,47545.06,,,,
regular,2016/3/25 22:08,1000,346,100,52,4705127,14.76,47051.27,,,,
regular,2016/3/25 22:08,1000,346,100,53,5306547,16.79,53065.47,,,,
regular,2016/3/25 22:08,1000,346,100,50,5082873,15.93,50828.73,,,,
regular,2016/3/25 22:08,1000,346,100,49,4604402,14.81,46044.02,,,,
regular,2016/3/25 22:09,1000,351,100,47,4462860,13.5,44628.6,,,,
regular,2016/3/25 22:09,1000,351,100,48,4529954,13.27,45299.54,,,,
regular,2016/3/25 22:09,1000,351,100,47,4843353,15.12,48433.53,,,,
regular,2016/3/25 22:09,1000,351,100,51,4724507,15.29,47245.07,,,,
regular,2016/3/25 22:09,1000,351,100,50,4831710,14.26,48317.1,,,,
regular,2016/3/25 22:09,1000,351,100,50,4648385,14.06,46483.85,,,,
regular,2016/3/25 22:09,1000,351,100,52,4879725,15.66,48797.25,,,,
regular,2016/3/25 22:09,1000,351,100,53,4835861,14.31,48358.61,,,,
regular,2016/3/25 22:09,1000,351,100,50,4934216,14.44,49342.16,,,,
regular,2016/3/25 22:09,1000,351,100,52,5060094,14.86,50600.94,,,,
regular,2016/3/25 22:09,1000,356,100,47,4760626,14.33,47606.26,,,,
regular,2016/3/25 22:09,1000,356,100,49,4582783,13.24,45827.83,,,,
regular,2016/3/25 22:09,1000,356,100,52,4699806,12.54,46998.06,,,,
regular,2016/3/25 22:09,1000,356,100,51,4686215,13.63,46862.15,,,,
regular,2016/3/25 22:09,1000,356,100,55,5094860,14.25,50948.6,,,,
regular,2016/3/25 22:09,1000,356,100,46,4475926,13.32,44759.26,,,,
regular,2016/3/25 22:09,1000,356,100,48,4493668,12,44936.68,,,,
regular,2016/3/25 22:09,1000,356,100,49,4590073,13.17,45900.73,,,,
regular,2016/3/25 22:09,1000,356,100,50,4711175,12.98,47111.75,,,,
regular,2016/3/25 22:09,1000,356,100,50,4685573,13.21,46855.73,,,,
regular,2016/3/25 22:09,1000,361,100,47,4504109,14.3,45041.09,,,,
regular,2016/3/25 22:09,1000,361,100,49,4527352,14.18,45273.52,,,,
regular,2016/3/25 22:10,1000,361,100,48,4424653,13.89,44246.53,,,,
regular,2016/3/25 22:10,1000,361,100,47,4466167,13.88,44661.67,,,,
regular,2016/3/25 22:10,1000,361,100,50,4626547,14.48,46265.47,,,,
regular,2016/3/25 22:10,1000,361,100,50,4697495,14.69,46974.95,,,,
regular,2016/3/25 22:10,1000,361,100,46,4422581,13.9,44225.81,,,,
regular,2016/3/25 22:10,1000,361,100,50,4893900,15.53,48939,,,,
regular,2016/3/25 22:10,1000,361,100,52,4934484,15.26,49344.84,,,,
regular,2016/3/25 22:10,1000,361,100,57,5172022,14.88,51720.22,,,,
regular,2016/3/25 22:10,1000,366,100,48,4601503,14.69,46015.03,,,,
regular,2016/3/25 22:10,1000,366,100,47,4862217,14.75,48622.17,,,,
regular,2016/3/25 22:10,1000,366,100,50,4720400,15.42,47204,,,,
regular,2016/3/25 22:10,1000,366,100,49,4658514,14.64,46585.14,,,,
regular,2016/3/25 22:10,1000,366,100,52,4806545,15.67,48065.45,,,,
regular,2016/3/25 22:10,1000,366,100,49,4554057,14.22,45540.57,,,,
regular,2016/3/25 22:10,1000,366,100,49,4613357,14.63,46133.57,,,,
regular,2016/3/25 22:10,1000,366,100,52,4918046,14.9,49180.46,,,,
regular,2016/3/25 22:10,1000,366,100,51,4562408,14.03,45624.08,,,,
regular,2016/3/25 22:10,1000,366,100,45,4293856,12.81,42938.56,,,,
regular,2016/3/25 22:10,1000,371,100,47,4745648,14.34,47456.48,,,,
regular,2016/3/25 22:10,1000,371,100,51,4759716,13.12,47597.16,,,,
regular,2016/3/25 22:10,1000,371,100,47,4486142,12.91,44861.42,,,,
regular,2016/3/25 22:10,1000,371,100,50,4560830,12.07,45608.3,,,,
regular,2016/3/25 22:11,1000,371,100,55,4846311,14.59,48463.11,,,,
regular,2016/3/25 22:11,1000,371,100,50,4808948,11.58,48089.48,,,,
regular,2016/3/25 22:11,1000,371,100,48,4454263,11.41,44542.63,,,,
regular,2016/3/25 22:11,1000,371,100,49,4767370,12.78,47673.7,,,,
regular,2016/3/25 22:11,1000,371,100,48,4742623,13.98,47426.23,,,,
regular,2016/3/25 22:11,1000,371,100,52,4662139,12.16,46621.39,,,,
regular,2016/3/25 22:11,1000,376,100,53,5338516,17.39,53385.16,,,,
regular,2016/3/25 22:11,1000,376,100,48,4606399,14.02,46063.99,,,,
regular,2016/3/25 22:11,1000,376,100,53,4940462,15.74,49404.62,,,,
regular,2016/3/25 22:11,1000,376,100,54,4849564,15.37,48495.64,,,,
regular,2016/3/25 22:11,1000,376,100,52,4800401,15.16,48004.01,,,,
regular,2016/3/25 22:11,1000,376,100,50,4990954,15.27,49909.54,,,,
regular,2016/3/25 22:11,1000,376,100,49,4558427,14.36,45584.27,,,,
regular,2016/3/25 22:11,1000,376,100,49,4562748,14,45627.48,,,,
regular,2016/3/25 22:11,1000,376,100,47,4677962,13.9,46779.62,,,,
regular,2016/3/25 22:11,1000,376,100,48,4561191,13.94,45611.91,,,,
regular,2016/3/25 22:11,1000,381,100,52,4563809,13.59,45638.09,,,,
regular,2016/3/25 22:11,1000,381,100,46,4678629,12.9,46786.29,,,,
regular,2016/3/25 22:11,1000,381,100,50,5044577,14.67,50445.77,,,,
regular,2016/3/25 22:12,1000,381,100,52,4973422,14.73,49734.22,,,,
regular,2016/3/25 22:12,1000,381,100,55,4973756,14.66,49737.56,,,,
regular,2016/3/25 22:12,1000,381,100,52,4433559,13.41,44335.59,,,,
regular,2016/3/25 22:12,1000,381,100,49,4434897,13.77,44348.97,,,,
regular,2016/3/25 22:12,1000,381,100,51,4499481,13.22,44994.81,,,,
regular,2016/3/25 22:12,1000,381,100,53,5159971,15.53,51599.71,,,,
regular,2016/3/25 22:12,1000,381,100,49,4679028,13.9,46790.28,,,,
regular,2016/3/25 22:12,1000,386,100,51,4682976,14.27,46829.76,,,,
regular,2016/3/25 22:12,1000,386,100,49,4468658,13.47,44686.58,,,,
regular,2016/3/25 22:12,1000,386,100,46,4314284,13.12,43142.84,,,,
regular,2016/3/25 22:12,1000,386,100,47,4505985,14.33,45059.85,,,,
regular,2016/3/25 22:12,1000,386,100,49,4554028,13.87,45540.28,,,,
regular,2016/3/25 22:12,1000,386,100,50,4540060,13.79,45400.6,,,,
regular,2016/3/25 22:12,1000,386,100,50,4496471,13.93,44964.71,,,,
regular,2016/3/25 22:12,1000,386,100,48,4836586,15.06,48365.86,,,,
regular,2016/3/25 22:13,1000,386,100,49,4520466,14.1,45204.66,,,,
regular,2016/3/25 22:13,1000,386,100,47,4509633,13.59,45096.33,,,,
regular,2016/3/25 22:13,1000,391,100,49,4629450,12.04,46294.5,,,,
regular,2016/3/25 22:13,1000,391,100,52,4719757,11.54,47197.57,,,,
regular,2016/3/25 22:13,1000,391,100,53,4795431,13.22,47954.31,,,,
regular,2016/3/25 22:13,1000,391,100,49,4385735,12.79,43857.35,,,,
regular,2016/3/25 22:13,1000,391,100,51,4826842,14.26,48268.42,,,,
regular,2016/3/25 22:13,1000,391,100,51,4623693,12.47,46236.93,,,,
regular,2016/3/25 22:13,1000,391,100,50,4449954,12.11,44499.54,,,,
regular,2016/3/25 22:13,1000,391,100,55,4823673,13.55,48236.73,,,,
regular,2016/3/25 22:13,1000,391,100,48,4365347,11.79,43653.47,,,,
regular,2016/3/25 22:13,1000,391,100,48,4420968,12.82,44209.68,,,,
regular,2016/3/25 22:13,1000,396,100,51,4746471,14.31,47464.71,,,,
regular,2016/3/25 22:13,1000,396,100,48,4650265,13.54,46502.65,,,,
regular,2016/3/25 22:13,1000,396,100,47,4553496,13.13,45534.96,,,,
regular,2016/3/25 22:13,1000,396,100,48,4494557,13.12,44945.57,,,,
regular,2016/3/25 22:13,1000,396,100,48,4322655,13.04,43226.55,,,,
regular,2016/3/25 22:13,1000,396,100,52,4643940,12.86,46439.4,,,,
regular,2016/3/25 22:13,1000,396,100,49,4754159,14.4,47541.59,,,,
regular,2016/3/25 22:13,1000,396,100,46,4217783,11.82,42177.83,,,,
regular,2016/3/25 22:13,1000,396,100,49,4458913,12.95,44589.13,,,,
regular,2016/3/25 22:14,1000,396,100,49,4625732,12.93,46257.32,,,,
regular,2016/3/25 22:14,1000,401,100,46,4253262,12.04,42532.62,,,,
regular,2016/3/25 22:14,1000,401,100,50,4519430,12.11,45194.3,,,,
regular,2016/3/25 22:14,1000,401,100,49,4362308,12.61,43623.08,,,,
regular,2016/3/25 22:14,1000,401,100,52,4746758,14.47,47467.58,,,,
regular,2016/3/25 22:14,1000,401,100,44,4149722,10.83,41497.22,,,,
regular,2016/3/25 22:14,1000,401,100,49,4740906,14.69,47409.06,,,,
regular,2016/3/25 22:14,1000,401,100,51,4663686,13.39,46636.86,,,,
regular,2016/3/25 22:14,1000,401,100,52,4867662,13.89,48676.62,,,,
regular,2016/3/25 22:14,1000,401,100,54,4942651,14.3,49426.51,,,,
regular,2016/3/25 22:14,1000,401,100,49,4509246,13.8,45092.46,,,,
regular,2016/3/25 22:14,1000,406,100,53,4955489,15.11,49554.89,,,,
regular,2016/3/25 22:14,1000,406,100,50,4440618,13.28,44406.18,,,,
regular,2016/3/25 22:14,1000,406,100,50,4738890,14.31,47388.9,,,,
regular,2016/3/25 22:14,1000,406,100,45,4560734,13.35,45607.34,,,,
regular,2016/3/25 22:14,1000,406,100,51,4653331,14.57,46533.31,,,,
regular,2016/3/25 22:14,1000,406,100,48,4501364,14.31,45013.64,,,,
regular,2016/3/25 22:14,1000,406,100,49,4842496,14.4,48424.96,,,,
regular,2016/3/25 22:14,1000,406,100,46,4394024,12.17,43940.24,,,,
regular,2016/3/25 22:14,1000,406,100,47,4567553,13.42,45675.53,,,,
regular,2016/3/25 22:15,1000,406,100,46,4299458,12.76,42994.58,,,,